name,source,gender,wikidata,type
"Accès Crypte Archéologique",,,,way
"Accès Fauteuil Roulant",,,,way
"Accès Parking",,,,way
"Accès Parking Autocité Piétons",,,,way
"Accès Turbigo (Voie A1)",,,,way
"Accès de la Dalle Beaugrenelle",,,,way
"Aire Livraison Nord",,,,way
"Aire Technique",,,,way
"Allée André François Bron De Bailly",,,,way
"Allée Andrée Jacob",,,,way
"Allée Antonio Tabucchi",,,,way
"Allée Barbara",,,,way
"Allée Brongniart",,,,way
"Allée Cavalière",,,,way
"Allée Centrale",,,,way
"Allée Chauveau Lagarde",,,,way
"Allée Chevreul",,,,way
"Allée Circulaire",,,,way
"Allée Clara Tolub",,,,way
"Allée Claude Lanzmann",,,,way
"Allée Claude Montal",,,,relation
"Allée Claude-Bernard",,,,way
"Allée Clubs des Loges",,,,way
"Allée Daubenton",,,,way
"Allée Edmond Perrier",,,,way
"Allée Eveline Garnier",,,,way
"Allée Fortunée",,,,relation
"Allée Georges Ville",,,,way
"Allée Gracia et Joseph Saltiel",,,,way
"Allée Hauÿ",,,,way
"Allée Jussieu",,,,way
"Allée Laurent Danchin",,,,way
"Allée Le Gramat",,,,relation
"Allée Lenoir",,,,way
"Allée Louis Pergaud",,,,way
"Allée Louise Pétron",,,,way
"Allée Lucie Dreyfus",,,,way
"Allée Lucien Lupi",,,,way
"Allée Mangin",,,,way
"Allée Marcel Bernard",,,,way
"Allée Mary Reynolds",,,,relation+way
"Allée Nicolae Titulescu",,,,way
"Allée Nord Chatrier",,,,way
"Allée Olympe de Gouges",,,,way
"Allée Pierre Hadot",,,,way
"Allée Principale",,,,way
"Allée Raffet",,,,way
"Allée Roger Heim",,,,way
"Allée Royale",,,,relation
"Allée Saint-Denis",,,,relation
"Allée Samuel Pisar",,,,way
"Allée Sigmund Freud",,,,way
"Allée Transversale",,,,way
"Allée Verte",,,,relation
"Allée aux Chiens",,,,way
"Allée de Castiglione",,,,way
"Allée de Diane",,,,way
"Allée de Longchamp",,,,relation+way
"Allée de Rivoli",,,,way
"Allée de l'Espace",,,,way
"Allée de l'Espérance",,,,relation
"Allée de l'Orangerie",,,,way
"Allée de la Bertelotte",,,,relation
"Allée de la Courtille",,,,way
"Allée de la Mire",,,,way
"Allée de la Terrasse",,,,relation
"Allée de la Vanne",,,,way
"Allée des Brouillards",,,,relation
"Allée des Buttes",,,,relation
"Allée des Cardinoux",,,,relation
"Allée des Dames",,,,relation
"Allée des Défenseurs de la Caserne de la Cité",,,,relation
"Allée des Enfants et Victimes de la Prise d'Otages de Djibouti-Loyada de Février 1976",,,,relation
"Allée des Feuillants",,,,way
"Allée des Jussieu",,,,way
"Allée des Maronniers",,,,way
"Allée des Marronniers",,,,way
"Allée des Mauves",,,,relation
"Allée des Mousquetaires",,,,way
"Allée des Peshmergas",,,,way
"Allée des Poteaux",,,,relation
"Allée des Princes",,,,way
"Allée des Quatre Carrefours",,,,relation
"Allée des Sergents de la Rochelle",,,,way
"Allée du Bardo",,,,way
"Allée du Belvédère",,,,relation
"Allée du Bord de l'Eau",,,,relation+way
"Allée du Brindeau",,,,relation
"Allée du Carrousel",,,,way
"Allée du Cercle",,,,relation
"Allée du Château Ouvrier",,,,relation
"Allée du Puits",,,,way
"Allée du Séminaire - Jean-Jacques Olier",,,,way
"Allée du court 14",,,,way
"Allée les petits",,,,way
"Allée sous couvert nord",,,,way
"Allée sous couvert sud",,,,way
"Anneau de Longchamp",,,,way
"Arcade des Champs-Élysées",,,,relation
"Autoroute A13",,,,relation
"Autoroute de Normandie",,,,way
"Autoroute de l’Est",,,,way
"Avenue Boudon",,,,relation
"Avenue Darcel",,,,relation
"Avenue Delille",,,,way
"Avenue Édouard Petit",,,,relation
"Avenue Franco-Russe",,,,relation
"Avenue Henri Ginoux",,,,way
"Avenue J.C. Cave",,,,relation+way
"Avenue Latérale du Nord",,,,way
"Avenue Latérale du Sud",,,,way
"Avenue Michal",,,,relation
"Avenue Moderne",,,,relation
"Avenue Neigre",,,,way
"Avenue Principale",,,,way
"Avenue Puebla",,,,relation
"Avenue Saint-Maurice du Valais",,,,relation
"Avenue Sainte-Eugénie",,,,relation
"Avenue Sainte-Marie",,,,relation
"Avenue Samson",,,,way
"Avenue Stade de Coubertin",,,,relation
"Avenue Transversale n°1",,,,way
"Avenue Transversale n°2",,,,way
"Avenue de Grenelle",,,,way
"Avenue de Javel",,,,way
"Avenue de Rouvray",,,,relation
"Avenue de Villiers",,,,relation
"Avenue de l'Ermitage",,,,relation
"Avenue de la Cascade",,,,relation
"Avenue de la Chapelle",,,,relation
"Avenue de la Frillière",,,,relation
"Avenue de la Grotte",,,,relation
"Avenue de la porte de Vincennes",,,,way
"Avenue des Ailantes",,,,way
"Avenue des Chalets",,,,relation
"Avenue des Chasseurs",,,,relation
"Avenue des Châtaigniers",,,,way
"Avenue des Marnes",,,,relation
"Avenue des Polonais",,,,way
"Avenue des Portugais",,,,relation
"Avenue des Tribunes",,,,relation+way
"Avenue du Belvédère",,,,relation
"Avenue du Boulevard",,,,way
"Avenue du Docteur Lannelongue",,,,relation
"Avenue du Général d'Étrie",,,,way
"Avenue du Roule",,,,relation
"Avenue du Square",,,,relation
"Avenue du Tremblay",,,,relation
"Belvédère Susan Travers",,,,relation
"Bouche Métro",,,,way
"Boulevard Bineau",,,,relation+way
"Boulevard Davoult",,,,way
"Boulevard Mortiers",,,,way
"Boulevard Périphérique Extérieur",,,,way
"Boulevard de Beauséjour",,,,relation
"Boulevard de la Commanderie",,,,relation
"Boulevard des Frères Voisins",,,,way
"Bretelle de contournement de la place Valhubert",,,,way
"Butte Mortemart",,,,relation
"Carré Descaisne",,,,way
"Carré Mirbel",,,,way
"Carré Necker",,,,relation
"Carré des Rosiers",,,,way
"Carré du Sanglier",,,,way
"Carrefour de Beauté",,,,relation+way
"Carrefour de Conservation",,,,relation
"Carrefour de la Ferme de la Faisanderie",,,,relation
"Carrefour des Cascades",,,,way
"Carrefour des Tribunes",,,,relation+way
"Carrefour du Bout des Lacs",,,,relation
"Chaussée de la Muette",,,,relation
"Chemin Amiot",,,,way
"Chemin Artot",,,,way
"Chemin Baudin",,,,way
"Chemin Benoist",,,,way
"Chemin Billaud",,,,way
"Chemin Bion",,,,way
"Chemin Cabanis",,,,way
"Chemin Chardon Lagache",,,,way
"Chemin Duc",,,,way
"Chemin Gay",,,,way
"Chemin Guersant",,,,way
"Chemin Heynes",,,,way
"Chemin Imbert",,,,way
"Chemin Jomini",,,,way
"Chemin Laplace",,,,way
"Chemin Lavalée",,,,way
"Chemin Lecourbe",,,,way
"Chemin Ledoux",,,,way
"Chemin Legendre",,,,way
"Chemin Lepage",,,,way
"Chemin Masséna",,,,way
"Chemin Michel-Ange",,,,way
"Chemin Moïania",,,,way
"Chemin Muron",,,,way
"Chemin Rumford",,,,way
"Chemin Saint-Eloy",,,,way
"Chemin Saint-Nicolas",,,,way
"Chemin Talleyrand",,,,way
"Chemin Troyon",,,,way
"Chemin d'Issy",,,,way
"Chemin de Belleville",,,,way
"Chemin de Ceinture du Lac Inférieur",,,,relation+way
"Chemin de Ceinture du Lac Supérieur",,,,relation
"Chemin de Riario-Sforza",,,,way
"Chemin de l'Abbaye",,,,relation
"Chemin de l'Ancienne Écluse",,,,relation
"Chemin de l'Est",,,,way
"Chemin de l'Évolution",,,,way
"Chemin de l'Ouest",,,,way
"Chemin de la Conservation",,,,way
"Chemin de la Tour",,,,way
"Chemin des Aiguilles",,,,way
"Chemin des Anglais",,,,way
"Chemin des Lacs à la Porte Dauphine",,,,relation
"Chemin des Réservoirs",,,,relation
"Chemin des Vieux Chênes",,,,relation
"Chemin du Nord",,,,way
"Chemin du Parc de Charonne",,,,relation
"Chemin du Pavillon d'Armenonville",,,,relation
"Chemin du Sud",,,,way
"Chemin du Télégraphe",,,,way
"Chemin du Tertre",,,,way
"Cité Bergère",,,,relation
"Cité Blanche",,,,relation
"Cité Delaunay",,,,relation
"Cité Florentine",,,,relation
"Cité Héron",,,,relation
"Cité Hiver",,,,relation
"Cité Industrielle",,,,relation
"Cité Lemercier",,,,relation
"Cité Marie",,,,relation
"Cité Noël",,,,relation
"Cité Rivérin",,,,relation
"Cité Souzy",,,,relation
"Cité Traeger",,,,relation
"Cité de la Mode et du Design",,,,way
"Cité de la Roquette",,,,relation
"Cité du Couvent",,,,relation
"Cité du Figuier",,,,way
"Cité du Palais-Royal de Belleville",,,,relation
"Cité du Retiro",,,,relation
"Cour Carrée",,,,relation
"Cour Censier",,,,way
"Cour Clisson",,,,way
"Cour Droussals",,,,way
"Cour Greneta",,,,relation
"Cour Lassay",,,,relation
"Cour Mazarin",,,,relation
"Cour Mollé",,,,way
"Cour Montesquieu",,,,way
"Cour Morland",,,,relation
"Cour Rabelais",,,,way
"Cour Saint-Hilaire",,,,way
"Cour Saint-Jacques",,,,way
"Cour Saint-Martin",,,,way
"Cour Saint-Nicolas",,,,relation
"Cour Saint-Pierre",,,,relation
"Cour Sainte-Claire",,,,relation
"Cour Sainte-Marguerite",,,,way
"Cour Sully",,,,way
"Cour Tubeuf",,,,way
"Cour d'Avril",,,,way
"Cour d'honneur",,,,relation+way
"Cour d’Aguesseau",,,,way
"Cour de Boisgeslin",,,,way
"Cour de Clisson",,,,way
"Cour de Février",,,,way
"Cour de Guise",,,,way
"Cour de Janvier",,,,way
"Cour de Jonction",,,,way
"Cour de Juin",,,,way
"Cour de Mai",,,,way
"Cour de Mars",,,,relation+way
"Cour de l'Église",,,,relation
"Cour de l'Étoile d'Or",,,,relation
"Cour de l'Horloge",,,,way
"Cour de l'Ours",,,,relation
"Cour de l'hôtel Magny",,,,way
"Cour de la Ferme Saint-Lazare",,,,relation
"Cour de la Grâce de Dieu",,,,relation
"Cour de la Maison Brûlée",,,,relation
"Cour de la Métairie",,,,relation
"Cour de la Paix",,,,way
"Cour de la Présidence",,,,way
"Cour de la Valeur",,,,way
"Cour des Ateliers",,,,relation
"Cour des Bretons",,,,relation
"Cour des Fabriques",,,,relation
"Cour des Petites Écuries",,,,relation
"Cour des Trois Frères",,,,relation
"Cour des chevaux du Soleil",,,,way
"Cour des marroniers",,,,way
"Cour du 36 Quai des Orfèvres",,,,way
"Cour du Bel Air",,,,relation
"Cour du Dépôt",,,,way
"Cour du Liégat",,,,relation
"Cour du Mai",,,,way
"Cour du Nir",,,,way
"Cour du Nom de Jésus",,,,relation
"Cour du Panier Fleuri",,,,relation
"Cour du Premier Président",,,,way
"Cour du Roi François",,,,relation
"Cour du Saint-Esprit",,,,relation
"Cours Albert-Iᵉʳ",,,,way
"Cours Marty",,,,way
"Cours des Maréchaux",,,,relation+way
"Dalle Keller",,,,way
"Entrée Est",,,,way
"Entrée Ouest",,,,way
"Entrée Petite Ceinture",,,,way
"Entrée Rue des Halles (Voie A2)",,,,way
"Entrée Turbigo",,,,way
"Escalier A",,,,way
"Escalier B",,,,way
"Escalier C",,,,way
"Escalier D",,,,way
"Escalier Daumesnil (accès PC12)",,,,way
"Escalier E",,,,way
"Escalier F",,,,way
"Escalier G",,,,way
"Escalier I",,,,way
"Escalier K",,,,way
"Escalier L",,,,way
"Escalier M",,,,way
"Escalier O",,,,way
"Escalier P",,,,way
"Escalier S",,,,way
"Escalier T",,,,way
"Escalier Y",,,,way
"Escalier Z",,,,way
"Escalier d'Honneur",,,,way
"Escalier d'honneur",,,,way
"Escalier des Carrières du Jardin des Plantes",,,,way
"Espace chapiteaux",,,,way
"Esplanade Bernard Duperier",,,,relation
"Esplanade Léo Hamon",,,,way
"Esplanade Renée Lebas",,,,way
"Esplanade Silvia Monfort",,,,relation+way
"Esplanade d'Arménie",,,,relation
"Esplanade du Dinh",,,,way
"Esplanade du Hall",,,,way
"Esplanade du Quai Saint Bernard",,,,way
"Fer à Cheval",,,,way
"Galerie Antarès",,,,way
"Galerie Berri Washington",,,,way
"Galerie Duo",,,,way
"Galerie Élysées - La Boétie",,,,relation
"Galerie Elysées-26",,,,way
"Galerie Point Show",,,,way
"Galerie Saint-Jean",,,,way
"Galerie Sainte-Geneviève",,,,way
"Galerie Sevrien",,,,way
"Galerie des Proues",,,,relation
"Galerie des Sept Parnassiens",,,,way
"Grand Balcon",,,,relation
"Grande Avenue de la Villa de la Réunion",,,,relation
"Grande Terrasse",,,,way
"Halte Cellulaire",,,,way
Hémicycle,,,,way
"Îlot Antarès",,,,way
"Impasse Beaubourg",,,,way
"Impasse Bon Secours",,,,relation
"Impasse C/15",,,,relation
"Impasse Chandon",,,,relation+way
"Impasse Daunay",,,,relation
"Impasse Fortin",,,,relation
"Impasse H/15",,,,relation
"Impasse Louis Robert",,,,relation
"Impasse Marie Blanche",,,,relation
"Impasse Marie de Régnier",,,,way
"Impasse Marteau",,,,relation
"Impasse Maubert",,,,relation
"Impasse Milord",,,,relation+way
"Impasse Rothschild",,,,relation
"Impasse Saint-Ange",,,,relation
"Impasse Saint-Fiacre",,,,relation
"Impasse Saint-Vincent",,,,relation
"Impasse Sainte-Henriette",,,,relation
"Impasse Salembrière",,,,relation
"Impasse Sandrié",,,,relation
"Impasse Véra",,,,way
"Impasse Vincent",,,,relation
"Impasse de l'École",,,,relation
"Impasse de l'Église",,,,relation
"Impasse de l'Hôtel d'Argenson",,,,relation
"Impasse de la Planchette",,,,relation
"Impasse de la Poissonnerie",,,,relation
"Impasse des 2 Cousins",,,,relation
"Impasse des Bœufs",,,,relation
"Impasse des Crins",,,,relation
"Impasse des Deux Anges",,,,relation
"Impasse des Fillettes",,,,relation
"Impasse des Peintres",,,,relation
"Impasse des Prêtres",,,,relation
"Impasse des Rigaunes",,,,relation
"Impasse des Souhaits",,,,relation
"Impasse des Trois Sœurs",,,,relation
"Impasse du Bœuf",,,,relation
"Impasse du Bureau",,,,relation
"Impasse du Cure",,,,relation
"Impasse du Marché aux Chevaux",,,,relation
"Impasse du Moulin Vert",,,,relation
"Impasse du Pélerin",,,,relation
"Impasse du Petit Modèle",,,,relation
"Impasse du Pilier",,,,relation
"Impasse du Rouet",,,,relation
"Impasse du Talus",,,,relation
"Jardin Francais",,,,way
"Jardin de l'Abondance",,,,way
"Jardin de la Porte de Saint-Cloud",,,,relation
"Jardin des Présentateurs",,,,way
"L'Artère - Jardin des Dessins",,,,way
"La Coulée Verte René-Dumont",,,,way
"La Terrasse du Parc",,,,relation
"Le Marais",,,,relation
"Le Square",,,,way
Ledru-Rollin,,,,way
"Les Balcons de Montparnasse",,,,way
"Les Galeries de Paname",,,,way
"Liaison piétonne Bercy - Charenton",,,,way
"Ligne de La Râpée à Batignolles (petite ceinture de Paris)",,,,way
"Ligne de Paris-Bastille à Marles-en-Brie",,,,way
"Ligne de Pont-Cardinet à Auteuil-Boulogne",,,,way
"Mail Bréchet",,,,way
"Mail Pierre Desproges",,,,relation
"Mail des Minimes",,,,way
"Marché Villette",,,,way
"Marché de la Madeleine",,,,way
"Métro Ligne 1",,,,way
"Nation - Trône",,,,way
"Nouvelle Athènes",,,,relation
"P Vélo Gare Montparnasse",,,,way
"Parcours Santé",,,,way
"Parcours de Santé",,,,way
"Parcours sportif des Minimes",,,,way
"Parterre Francais",,,,way
"Parvis Guillaume de Champeaux",,,,relation
"Parvis Pégase",,,,way
"Parvis Radio France",,,,way
"Parvis Verseau",,,,way
"Parvis des 260 Enfants",,,,relation
"Passage AO/20",,,,relation
"Passage Anatole",,,,way
"Passage Augier",,,,way
"Passage B/10",,,,relation
"Passage BT/20",,,,relation
"Passage Basfour",,,,relation
"Passage Binder",,,,relation
"Passage Capucine",,,,way
"Passage Chalon",,,,way
"Passage Commun",,,,relation
"Passage Commun A/1",,,,relation
"Passage Commun A/12",,,,relation
"Passage Commun A/6",,,,relation
"Passage Commun AA/13",,,,relation+way
"Passage Commun AE/20",,,,relation
"Passage Commun AJ/16",,,,relation
"Passage Commun AP/12",,,,way
"Passage Commun AS/12",,,,relation
"Passage Commun AS/13",,,,way
"Passage Commun B/7",,,,relation
"Passage Commun B8",,,,relation
"Passage Commun D/16",,,,relation
"Passage Commun D/6",,,,relation
"Passage Commun D/7",,,,relation
"Passage Commun F/15",,,,relation
"Passage Commun F8",,,,relation
"Passage Commun G/11",,,,relation
"Passage Commun G/13",,,,relation
"Passage Commun G8",,,,relation
"Passage Commun J8",,,,relation
"Passage Commun N/11",,,,relation
"Passage Commun P/12",,,,way
"Passage Commun S/16",,,,relation
"Passage Commun X/13",,,,relation
"Passage Commun Y/13",,,,relation
"Passage Communal F/11",,,,relation
"Passage Compans",,,,way
"Passage DL/20",,,,relation
"Passage Desgrais",,,,relation
"Passage G10",,,,relation
"Passage Gérard",,,,relation
"Passage Lathuille",,,,relation+way
"Passage Léon",,,,way
"Passage Louise",,,,way
"Passage Moulin",,,,relation
"Passage P/11",,,,relation
"Passage Planchard",,,,relation
"Passage Puteaux",,,,relation
"Passage Saint-Jules",,,,relation
"Passage Sainte-Anne Popincourt",,,,relation
"Passage Sainte-Avoie",,,,relation
"Passage Sécurité",,,,relation
"Passage Sigaud",,,,relation
"Passage U/10",,,,relation
"Passage Vendôme",,,,relation
"Passage Verdeau",,,,relation
"Passage X/12",,,,relation
"Passage Y/12",,,,relation
"Passage d'Étienne",,,,way
"Passage de Choiseul",,,,way
"Passage de l'Asile",,,,relation
"Passage de l'Union",,,,relation
"Passage de la Bonne Graine",,,,relation
"Passage de la Fonderie",,,,relation
"Passage de la Hutte au Garde",,,,relation
"Passage de la Petite Boucherie",,,,relation
"Passage de la Petite Voirie",,,,relation
"Passage de la Tour de Vanves",,,,relation
"Passage de la Vierge",,,,relation
"Passage de la Visitation",,,,relation
"Passage des Argenteries",,,,way
"Passage des Charbonniers",,,,relation
"Passage des Deux Portes",,,,relation
"Passage des Deux Sœurs",,,,relation
"Passage des Écoliers",,,,relation
"Passage des Fours à Chaux",,,,relation
"Passage des Lingères",,,,relation
"Passage des Mauxins",,,,relation
"Passage des Ménétriers",,,,relation
"Passage des Orgues",,,,relation
"Passage des Panoramas",,,,relation
"Passage des Princes",,,,relation
"Passage des Saint-Simoniens",,,,relation
"Passage des Soupirs",,,,relation
"Passage des Voûtes",,,,way
"Passage du Bourg l'Abbé",,,,relation
"Passage du Bureau",,,,relation+way
"Passage du Champ Marie",,,,relation
"Passage du Champ à Loup",,,,relation
"Passage du Chantier",,,,relation
"Passage du Désir",,,,relation
"Passage du Gantelet",,,,way
"Passage du Grand Louvre",,,,way
"Passage du Grand-Cerf",,,,relation
"Passage du Maure",,,,relation
"Passage du Nord",,,,relation
"Passage du Pont aux Biches",,,,relation
"Passage du Souvenir",,,,relation
"Passerelle Claude Bernard",,,,way
"Passerelle Lambeau",,,,way
"Passerelle de Crimée",,,,way
"Passerelle des Arts et Métiers",,,,way
"Passerelle des Écluses de la Villette",,,,way
"Passerelle des Grands Moulins",,,,way
"Passerelle du Cambodge",,,,way
"Péristyle de Chartres",,,,relation
"Péristyle de Joinville",,,,relation
"Péristyle de Montpensier",,,,relation
"Péristyle de Valois",,,,relation
Petit-Pont,,,,way
"Place Albert Memmi",,,,way
"Place Alice Mathieu-Dubois",,,,relation
"Place Baudoyer",,,,relation
"Place Charles Monselet",,,,way
"Place ED/19",,,,relation
"Place Emmanuel Lévinas",,,,relation
"Place FO/13",,,,relation
"Place Ferdinand Forest",,,,way
"Place Hébert",,,,relation
"Place Jean-Paul Sartre et Simone de Beauvoir",,,,way
"Place Jeanne Bohec",,,,way
"Place Jules Henaffe",,,,relation
"Place Le Corbusier",,,,way
"Place Madeleine Renaud et Jean-Louis Barrault",,,,way
"Place Maréchal de Rochambeau",,,,way
"Place Maubert",,,,relation
"Place Michel Rocard",,,,relation
"Place Saint-Blaise",,,,relation
"Place Saint-Ferdinand",,,,relation
"Place Saint-Gervais",,,,relation
"Place Saint-Jean",,,,relation
"Place Saint-Pierre",,,,relation
"Place Sans Nom",,,,relation
"Place de Dublin",,,,way
"Place de Flore",,,,relation
"Place de Thorigny",,,,relation
"Place de l'Hôtel de Ville",,,,relation
"Place de la Fontaine Timbaud",,,,relation
"Place de la Réunion",,,,relation
"Place des Combattants en Afrique du Nord",,,,relation
"Place des Grès",,,,relation
"Place des Martyrs de la Résistance de la Porte de Sèvres",,,,relation
"Place des Messageries de l'Est",,,,relation
"Place des Nations Unies",,,,way
"Place des Saussaies",,,,relation
"Place des Vins de France",,,,relation
"Place du Calvaire",,,,relation
"Place du Cardinal Amette",,,,relation
"Place du Général Cartoux",,,,way
"Place du Général Ingold",,,,way
"Place du Guignier",,,,relation
"Place du Moulin de Javel",,,,relation+way
"Place du Paraguay",,,,relation
"Place du Pont-Neuf",,,,way
"Place du Puits de l'Ermite",,,,relation
"Place du Tertre",,,,relation
"Place du Trocadéro",,,,way
"Place en Hommage aux Femmes Victimes de Violence",,,,relation
"Pont Eiffel",,,,way
"Pont Khmer",,,,way
"Pont Tonkinois",,,,way
"Pont de Suresnes",,,,way
"Port Debilly",,,,relation
"Port d'Auteuil",,,,way
"Port de Montebello",,,,relation
"Port de Suffren",,,,relation
"Port de la Bourdonnais",,,,relation
"Port de la Concorde",,,,relation
"Port de la Conférence",,,,relation
"Port de la Gare",,,,relation
"Port de la Rapée",,,,relation
"Port de la Tournelle",,,,relation
"Port des Champs Elysées",,,,relation
"Porte Saint-Denis",,,,way
"Porte d'Asnières",,,,way
"Porte des lions",,,,way
"Porte du Louvre",,,,way
"Porte du Pont Neuf",,,,relation
"Promenade Alain Devaquet",,,,relation
"Promenade Plantée",,,,way
"Promenade des Berges de la Seine — Port des Invalides",,,,way
"Promenade des Champs-Élysées",,,,way
"Promenade du Quai Branly",,,,way
"Promenade plantée Pierre Mauroy",,,,way
"Promenadée plantée Pierre Mauroy",,,,way
"Quai A",,,,way
"Quai B",,,,way
"Quai C",,,,way
"Quai D",,,,way
"Quai E",,,,way
"Quai F",,,,way
"Quai Malaquais",,,,relation
"Quai Saint-Bernard",,,,relation
"Quai Transversal",,,,way
"Quai de Conti",,,,relation+way
"Quai de Gesvres",,,,relation
"Quai de l'Archevêché",,,,relation
"Quai des Grands Augustins",,,,relation
"Quai du Gros Caillou",,,,way
"Quai du Nord",,,,way
"Rampe Emeriau",,,,way
"Rampe Finlay",,,,way
"Rampe Keller",,,,way
"Rampe Van Loo",,,,way
"Rampe d'accès à la gare de Bercy",,,,way
Rolltreppe,,,,way
"Rond des Mélèzes",,,,relation
"Rond-Point de Mortemart",,,,way
"Rond-Point des Champs-Élysées",,,,way
"Rond-point des Champs-Elysées",,,,way
"Route Aimable",,,,relation
"Route Bosquet Mortemart",,,,relation
"Route Brulée",,,,relation
"Route Circulaire",,,,relation
"Route Circulaire du Lac",,,,relation
"Route Dauphine",,,,relation
"Route Dom Pérignon",,,,relation
"Route Lemoine",,,,relation
"Route Odette",,,,relation
"Route Royale de Beauté",,,,relation
"Route Sablonneuse",,,,relation
"Route Saint-Hubert",,,,relation
"Route de La Muette à Neuilly",,,,relation
"Route de Longchamp au Bout des Lacs",,,,relation+way
"Route de Saint-Maurice",,,,way
"Route de l'Épine",,,,relation
"Route de l'Esplanade",,,,relation
"Route de l'Étang",,,,relation
"Route de l'Étoile",,,,relation
"Route de la Belle Étoile",,,,relation
"Route de la Brasserie",,,,relation
"Route de la Cascade",,,,relation
"Route de la Cavalerie",,,,relation
"Route de la Demi Lune",,,,relation
"Route de la Faluère",,,,relation
"Route de la Ferme",,,,relation
"Route de la Gerbe",,,,relation
"Route de la Grande Cascade",,,,relation
"Route de la Longue Queue",,,,relation
"Route de la Ménagerie",,,,relation
"Route de la Plaine",,,,relation+way
"Route de la Pompadour",,,,relation
"Route de la Porte Dauphine à la Porte des Sablons",,,,relation+way
"Route de la Porte Noire",,,,relation
"Route de la Porte Saint-James",,,,relation
"Route de la Porte des Sablons à la Porte Maillot",,,,relation+way
"Route de la Terrasse",,,,relation+way
"Route de la Vierge aux Berceaux",,,,relation
"Route des Barrières",,,,relation
"Route des Batteries",,,,relation
"Route des Bosquets",,,,relation
"Route des Dames",,,,relation
"Route des Îles",,,,relation
"Route des Lacs",,,,relation
"Route des Lacs à Bagatelle",,,,relation+way
"Route des Lacs à Madrid",,,,relation
"Route des Lacs à Passy",,,,relation+way
"Route des Pelouses",,,,relation
"Route des Pelouses Marigny",,,,relation
"Route des Petits Ponts",,,,relation
"Route des Sabotiers",,,,relation+way
"Route des Tribunes",,,,relation
"Route du Camp de Saint-Maur",,,,relation
"Route du Champ d'Entraînement",,,,relation+way
"Route du Champ de Manœuvre",,,,relation
"Route du Donjon",,,,relation
"Route du Grand Maréchal",,,,relation
"Route du Grand Prieur",,,,relation
"Route du Moulin Rouge",,,,relation
"Route du Parc",,,,relation
"Route du Pesage",,,,relation
"Route du Point de Vue",,,,relation
"Route du Point du Jour à Bagatelle",,,,relation
"Route du Point du Jour à Suresnes",,,,relation
"Route du Pré Catelan",,,,relation
"Route du Ruisseau",,,,relation
"Rue Adrien Lesesne",,,,way
"Rue Albert Guilpin",,,,relation
"Rue Aubry le Boucher",,,,relation
"Rue Bailly",,,,relation
"Rue Barbette",,,,relation
"Rue Barrelet de Ricou",,,,relation
"Rue Basfroi",,,,relation
"Rue Baudin",,,,relation
"Rue Beaubourg",,,,relation+way
"Rue Beaunier",,,,relation+way
"Rue Beauregard",,,,relation
"Rue Bergère",,,,relation
"Rue Berthe",,,,relation
"Rue Bertin Poirée",,,,relation
"Rue Blanche Antoinette",,,,relation
"Rue Blomet",,,,relation
"Rue Bois-le-Vent",,,,relation
"Rue Boucher",,,,relation
"Rue Boudreau",,,,relation
"Rue Boutebrie",,,,relation
"Rue Boutin",,,,relation
"Rue Cannebière",,,,relation
"Rue Carnot",,,,relation
"Rue Cassette",,,,relation
"Rue Censier",,,,relation
"Rue Chapon",,,,relation
"Rue Chardon Lagache",,,,relation
"Rue Charles Weiss",,,,relation
"Rue Charlot",,,,relation
"Rue Charrière",,,,relation
"Rue Chaudron",,,,relation
"Rue Constance",,,,relation
"Rue Coq Héron",,,,relation
"Rue Coquillière",,,,relation
"Rue Courtalon",,,,relation
"Rue Croix des Petits Champs",,,,relation
"Rue Dareau",,,,relation+way
"Rue Daval",,,,relation
"Rue Dénoyez",,,,relation+way
"Rue Descos",,,,relation
"Rue Diard",,,,relation
"Rue Drouaut",,,,way
"Rue Duris",,,,relation
"Rue Edmond Roger",,,,relation
"Rue Édouard Glissant",,,,relation
"Rue Edouard Lartet",,,,way
"Rue Émélie",,,,relation
"Rue Ernestine",,,,relation
"Rue Evette",,,,relation
"Rue Fanny",,,,relation
"Rue Fondary",,,,relation
"Rue Fourcade",,,,relation
"Rue Frémicourt",,,,relation
"Rue Gabrielle",,,,relation
"Rue Galleron",,,,relation
"Rue Gaston de Cavaillet",,,,way
"Rue Geoffroy l'Angevin",,,,relation
"Rue Geoffroy l'Asnier",,,,relation
"Rue Gît-le-Cœur",,,,relation
"Rue Godefroy",,,,relation
"Rue Gracieuse",,,,relation
"Rue Guérin Boisseau",,,,relation
"Rue Guersant",,,,relation
"Rue Guichard",,,,relation
"Rue Hamelin",,,,relation
"Rue Hautefeuille",,,,relation
"Rue Hélène",,,,relation
"Rue Intérieure RATP",,,,way
"Rue Irénée Blanc",,,,relation
"Rue Jacob",,,,relation
"Rue Jean Bleuzen",,,,relation
"Rue Jean Lantier",,,,relation
"Rue Jean Moulin",,,,way
"Rue Jean Tison",,,,relation
"Rue Jean de Beauvais",,,,relation
"Rue Joseph Bernard",,,,relation
"Rue Joséphine",,,,relation
"Rue Juge",,,,relation
"Rue Jules David",,,,relation
"Rue Jules Pichard",,,,relation
"Rue La Caille",,,,way
"Rue Lapeyrere",,,,relation
"Rue Larochelle",,,,relation
"Rue Laurence Savart",,,,relation
"Rue Le Bua",,,,relation
"Rue Lécuyer",,,,relation
"Rue Lentonnet",,,,relation
"Rue Léontine",,,,relation
"Rue Lespagnol",,,,relation
"Rue Letellier",,,,relation
"Rue Levert",,,,relation
"Rue Lhuillier",,,,relation
"Rue Maillard",,,,relation
"Rue Maison Dieu",,,,relation
"Rue Malar",,,,relation
"Rue Malassis",,,,relation
"Rue Malher",,,,relation
"Rue Malus",,,,relation
"Rue Marbeuf",,,,relation
"Rue Marcadet",,,,relation
"Rue Marguerin",,,,relation
"Rue Marie Rose",,,,relation
"Rue Marie et Louise",,,,relation
"Rue Marie-Anne Colombier",,,,relation
"Rue Marius Aufan",,,,relation
"Rue Martel",,,,relation
"Rue Maublanc",,,,relation
"Rue Mauconseil",,,,relation
"Rue Mayet",,,,relation
"Rue Ménars",,,,relation
"Rue Mercoeur",,,,relation
"Rue Mesnil",,,,relation
"Rue Michal",,,,relation
"Rue Michel le Comte",,,,relation
"Rue Mignet",,,,relation
"Rue Mignon",,,,relation
"Rue Mizon",,,,relation
"Rue Mondetour",,,,relation
"Rue Mongenot",,,,relation
"Rue Monsieur le Prince",,,,relation
"Rue Montorgueil",,,,relation
"Rue Mouffetard",,,,relation
"Rue Mousset Robert",,,,relation
"Rue Myrha",,,,relation
"Rue Neuve Popincourt",,,,relation
"Rue Neuve Tolbiac",,,,relation
"Rue Neuve de la Chardonnière",,,,relation
"Rue Neuve des Boulets",,,,relation
"Rue Nicolas Roret",,,,relation
"Rue Notre-Dame de Lorette",,,,way
"Rue Notre-Dame-de-Nazareth",,,,relation+way
"Rue Notre-Dame-des-Champs",,,,relation
"Rue Pastourelle",,,,relation
"Rue Pétrelle",,,,relation
"Rue Pierre MAUROY",,,,way
"Rue Pierre au Lard",,,,relation
"Rue Pihet",,,,relation
"Rue Poliveau",,,,relation
"Rue Portefoin",,,,relation
"Rue Poulletier",,,,relation
"Rue Préault",,,,relation
"Rue Princesse",,,,relation
"Rue Quincampoix",,,,relation
"Rue Rataud",,,,relation
"Rue Régis",,,,relation
"Rue Riboutté",,,,relation
"Rue Richer",,,,relation
"Rue Robert le Coin",,,,relation
"Rue Rollin",,,,relation
"Rue Rouvet",,,,relation
"Rue Royale",,,,relation
"Rue Sacrot",,,,way
"Rue Saint-Bon",,,,relation
"Rue Saint-Didier",,,,relation
"Rue Saint-Georges",,,,relation
"Rue Saint-Guillaume",,,,relation
"Rue Saint-Jacques",,,,relation+way
"Rue Saint-Jean",,,,relation
"Rue Saint-Joseph",,,,relation
"Rue Saint-Lambert",,,,relation+way
"Rue Saint-Marc",,,,relation
"Rue Saint-Maur",,,,relation
"Rue Saint-Philippe",,,,relation
"Rue Saint-Romain",,,,relation
"Rue Saint-Sébastien",,,,relation
"Rue Sainte-Anastase",,,,relation
"Rue Sainte-Apolline",,,,relation
"Rue Sainte-Foy",,,,relation
"Rue Sainte-Isaure",,,,relation
"Rue Sainte-Léonie",,,,relation
"Rue Sainte-Lucie",,,,relation
"Rue Saulnier",,,,relation
"Rue Scandicci",,,,relation
"Rue Serpente",,,,relation
"Rue Simon Le Franc",,,,relation
"Rue Taitbout",,,,relation
"Rue Ternaux",,,,relation
"Rue Thérèse",,,,relation
"Rue Thibaud",,,,relation
"Rue Tiquetonne",,,,relation
"Rue Tiron",,,,relation
"Rue Tournefort",,,,relation
"Rue Toustain",,,,relation
"Rue Trolley de Prévaux",,,,relation
"Rue Trousseau",,,,relation
"Rue Troyon",,,,relation
"Rue Valadon",,,,relation
"Rue Verderet",,,,relation
"Rue Vésale",,,,relation
"Rue Vivienne",,,,relation
"Rue au Maire",,,,relation
"Rue aux Ours",,,,relation
"Rue d'Armaillé",,,,relation
"Rue d'Armenonville",,,,way
"Rue d'Idalie",,,,relation
"Rue d'Olivet",,,,relation
"Rue d'Orchampt",,,,relation
"Rue de Bellechasse",,,,relation
"Rue de Bellevue",,,,relation
"Rue de Berri",,,,relation
"Rue de Braque",,,,relation
"Rue de Candie",,,,relation
"Rue de Château Landon",,,,relation
"Rue de Chaumont",,,,relation
"Rue de Cléry",,,,relation
"Rue de Commaille",,,,relation
"Rue de Croulebarbe",,,,relation
"Rue de Fontarabie",,,,relation
"Rue de Gramont",,,,relation
"Rue de Hesse",,,,relation
"Rue de Langeac",,,,relation
"Rue de Lappe",,,,relation
"Rue de Mézières",,,,relation
"Rue de Mont-Louis",,,,relation
"Rue de Moussy",,,,relation
"Rue de Paradis",,,,relation
"Rue de Plaisance",,,,relation
"Rue de Pouy",,,,relation
"Rue de Sainte-Hélène",,,,relation
"Rue de Sfax",,,,relation
"Rue de Soubise",,,,way
"Rue de Surène",,,,relation
"Rue de Thorigny",,,,relation
"Rue de Tournon",,,,relation
"Rue de Valence",,,,relation
"Rue de Varenne",,,,relation
"Rue de l'Arbre Sec",,,,relation
"Rue de l'Arcade",,,,relation
"Rue de l'Arrivée",,,,relation
"Rue de l'Asile Popincourt",,,,relation
"Rue de l'Échaudé",,,,relation
"Rue de l'Échiquier",,,,relation
"Rue de l'École de Médecine",,,,relation
"Rue de l'Encheval",,,,relation
"Rue de l'Épée de Bois",,,,relation
"Rue de l'Éperon",,,,relation
"Rue de l'Équerre",,,,relation
"Rue de l'Ermitage",,,,relation
"Rue de l'Espérance",,,,relation
"Rue de l'Essai",,,,relation
"Rue de l'Estrapade",,,,relation
"Rue de l'Étoile",,,,relation
"Rue de l'Hôtel Saint-Paul",,,,relation
"Rue de l'Orillon",,,,relation
"Rue de l'Orme",,,,relation
"Rue de l'Yvette",,,,relation
"Rue de l’Élysée Ménilmontant",,,,relation
"Rue de la Baume",,,,relation
"Rue de la Bonne",,,,relation
"Rue de la Briqueterie",,,,relation
"Rue de la Bûcherie",,,,relation
"Rue de la Butte-aux-Cailles",,,,relation
"Rue de la Cavalerie",,,,relation
"Rue de la Chaise",,,,relation
"Rue de la Charbonnière",,,,relation
"Rue de la Clef",,,,relation
"Rue de la Cloture",,,,relation
"Rue de la Collégiale",,,,relation
"Rue de la Colombe",,,,relation
"Rue de la Colonie",,,,relation
"Rue de la Comète",,,,relation
"Rue de la Corderie",,,,relation
"Rue de la Cossonnerie",,,,relation
"Rue de la Coutellerie",,,,relation
"Rue de la Crèche",,,,relation
"Rue de la Croix Jarry",,,,relation
"Rue de la Croix Moreau",,,,relation
"Rue de la Croix Nivert",,,,relation+way
"Rue de la Croix Saint-Simon",,,,relation
"Rue de la Croix-Faubin",,,,relation
"Rue de la Cure",,,,relation
"Rue de la Dhuis",,,,relation
"Rue de la Duée",,,,relation
"Rue de la Faisanderie",,,,relation
"Rue de la Félicité",,,,relation
"Rue de la Ferme de Savy",,,,relation
"Rue de la Ferronnerie",,,,relation
"Rue de la Fidélité",,,,relation
"Rue de la Fontaine à Mulard",,,,relation
"Rue de la Fontaine au Roi",,,,relation
"Rue de la Fontaine du But",,,,relation
"Rue de la Forge Royale",,,,relation
"Rue de la Gaîté",,,,relation
"Rue de la Gare",,,,relation+way
"Rue de la Glacière",,,,relation
"Rue de la Grande Chaumière",,,,relation
"Rue de la Grande Truanderie",,,,relation
"Rue de la Grange Batelière",,,,relation
"Rue de la Grenade",,,,relation
"Rue de la Harpe",,,,relation
"Rue de la Huchette",,,,relation+way
"Rue de la Jonquière",,,,relation
"Rue de la Jussienne",,,,relation
"Rue de la Lancette",,,,relation
"Rue de la Lingerie",,,,relation+way
"Rue de la Main d'Or",,,,relation
"Rue de la Maison Blanche",,,,relation
"Rue de la Manutention",,,,relation
"Rue de la Monnaie",,,,relation
"Rue de la Perle",,,,relation
"Rue de la Petite Arche",,,,relation
"Rue de la Petite Pierre",,,,relation
"Rue de la Petite-Truanderie",,,,relation
"Rue de la Pierre Levée",,,,relation
"Rue de la Plaine",,,,relation
"Rue de la Pointe d'Ivry",,,,relation
"Rue de la Prévoyance",,,,relation
"Rue de la Py",,,,relation
"Rue de la Réunion",,,,relation
"Rue de la Sablière",,,,relation
"Rue de la Sourdière",,,,relation
"Rue de la Tacherie",,,,relation
"Rue de la Terrasse",,,,relation
"Rue de la Tombe Issoire",,,,relation+way
"Rue de la Tour",,,,relation
"Rue de la Tour des Dames",,,,relation
"Rue de la Ville Neuve",,,,relation
"Rue de la Ville l'Évêque",,,,relation
"Rue de la Voûte",,,,way
"Rue des Annelets",,,,relation+way
"Rue des Archers",,,,way
"Rue des Arquebusiers",,,,relation
"Rue des Barres",,,,relation+way
"Rue des Bauches",,,,relation
"Rue des Bergers",,,,relation
"Rue des Berges Hennequines",,,,relation
"Rue des Bernardins",,,,relation
"Rue des Blancs-Manteaux",,,,relation
"Rue des Bluets",,,,relation
"Rue des Bois",,,,relation
"Rue des Bons Enfants",,,,relation
"Rue des Boulangers",,,,relation
"Rue des Boulets",,,,relation
"Rue des Bourdonnais",,,,relation
"Rue des Cendriers",,,,relation
"Rue des Chantiers",,,,relation
"Rue des Chantres",,,,relation
"Rue des Chaufourniers",,,,relation
"Rue des Cheminets",,,,relation
"Rue des Cinq Diamants",,,,relation
"Rue des Ciseaux",,,,relation
"Rue des Cités",,,,relation+way
"Rue des Colonnes",,,,relation
"Rue des Cottages",,,,relation
"Rue des Couronnes",,,,relation
"Rue des Coutures Saint-Gervais",,,,relation
"Rue des Déchargeurs",,,,relation
"Rue des Deux Boules",,,,relation
"Rue des Dunes",,,,relation
"Rue des Eaux",,,,relation
"Rue des Écoles",,,,relation
"Rue des Écouffes",,,,relation
"Rue des Entrepreneurs",,,,relation
"Rue des Envierges",,,,relation
"Rue des Étoffes",,,,way
"Rue des Favorites",,,,relation+way
"Rue des Fermiers",,,,relation
"Rue des Feuillantines",,,,relation
"Rue des Fillettes",,,,relation
"Rue des Fontaines du Temple",,,,relation
"Rue des Forges",,,,relation
"Rue des Fougères",,,,relation
"Rue des Francs Bourgeois",,,,relation+way
"Rue des Gardes",,,,relation
"Rue des Gâtines",,,,relation
"Rue des Gobelins",,,,relation
"Rue des Grands Augustins",,,,relation
"Rue des Grands Champs",,,,relation
"Rue des Grands Degrés",,,,relation
"Rue des Guillemites",,,,relation
"Rue des Haies",,,,relation
"Rue des Hautes Formes",,,,relation
"Rue des Immeubles Industriels",,,,relation
"Rue des Islettes",,,,relation
"Rue des Jeûneurs",,,,relation
"Rue des Juges Consuls",,,,relation
"Rue des Lions Saint-Paul",,,,relation
"Rue des Longues Raies",,,,relation
"Rue des Lyanes",,,,relation
"Rue des Maraîchers",,,,relation
"Rue des Marchais",,,,relation
"Rue des Mariniers",,,,relation
"Rue des Marmousets",,,,relation
"Rue des Martyrs",,,,relation
"Rue des Mathurins",,,,relation
"Rue des Mauvais Garçons",,,,relation
"Rue des Messageries",,,,relation
"Rue des Mignottes",,,,relation
"Rue des Moines",,,,relation
"Rue des Montibœufs",,,,relation
"Rue des Morillons",,,,relation
"Rue des Moulins",,,,relation
"Rue des Nanettes",,,,relation+way
"Rue des Nonnains d'Hyères",,,,relation
"Rue des Orteaux",,,,relation
"Rue des Panoramas",,,,relation
"Rue des Panoyaux",,,,relation
"Rue des Partants",,,,relation
"Rue des Patriarches",,,,relation
"Rue des Perchamps",,,,relation
"Rue des Périchaux",,,,relation
"Rue des Petites-Écuries",,,,relation
"Rue des Petits Carreaux",,,,relation
"Rue des Petits Champs",,,,relation
"Rue des Petits Hôtels",,,,relation
"Rue des Petits Pères",,,,relation
"Rue des Plantes",,,,relation
"Rue des Plâtrières",,,,relation
"Rue des Poissonniers",,,,relation
"Rue des Portes Blanches",,,,relation
"Rue des Prairies",,,,relation
"Rue des Prêcheurs",,,,relation
"Rue des Prêtres Saint-Germain l'Auxerrois",,,,relation
"Rue des Prouvaires",,,,relation
"Rue des Pruniers",,,,relation
"Rue des Quatre Fils",,,,relation
"Rue des Quatre-Vents",,,,relation
"Rue des Rasselins",,,,relation
"Rue des Reculettes",,,,relation
"Rue des Réglises",,,,relation
"Rue des Réservoirs",,,,relation
"Rue des Rigoles",,,,relation+way
"Rue des Rondeaux",,,,relation
"Rue des Rondonneaux",,,,relation
"Rue des Sablons",,,,relation
"Rue des Saussaies",,,,relation
"Rue des Sept Arpents",,,,relation
"Rue des Solitaires",,,,relation
"Rue des Taillandiers",,,,relation
"Rue des Tanneries",,,,relation
"Rue des Tapisseries",,,,relation
"Rue des Terres au Curé",,,,relation
"Rue des Tourelles",,,,relation+way
"Rue des Trois Bornes",,,,relation
"Rue des Trois Couronnes",,,,relation
"Rue des Trois Portes",,,,relation
"Rue des Ursins",,,,relation
"Rue des Vallées",,,,relation
"Rue des Vignoles",,,,relation
"Rue des Villegranges",,,,relation+way
"Rue des Vinaigriers",,,,relation
"Rue des Volontaires",,,,relation
"Rue des Volubilis",,,,relation
"Rue du Baigneur",,,,relation
"Rue du Bastion",,,,relation
"Rue du Bouloi",,,,relation
"Rue du Bouquet de Longchamp",,,,relation
"Rue du Bourg l'Abbé",,,,relation
"Rue du Buisson Saint-Louis",,,,relation
"Rue du Calvaire",,,,relation
"Rue du Cange",,,,relation
"Rue du Capitaine Scott",,,,relation
"Rue du Chalet",,,,relation
"Rue du Champ de l'Alouette",,,,relation
"Rue du Chat Qui Pêche",,,,relation
"Rue du Château Landon",,,,way
"Rue du Château d'Eau",,,,relation+way
"Rue du Château des Rentiers",,,,relation
"Rue du Chemin Vert",,,,relation+way
"Rue du Chevaleret",,,,relation
"Rue du Cimetière Saint-Benoist",,,,relation
"Rue du Cirque",,,,relation
"Rue du Clos",,,,relation
"Rue du Colonel Gillon",,,,way
"Rue du Commandeur",,,,relation
"Rue du Croissant",,,,relation
"Rue du Débarcadère",,,,relation
"Rue du Départ",,,,relation
"Rue du Faubourg Montmartre",,,,relation
"Rue du Faubourg Poissonnière",,,,relation
"Rue du Faubourg Saint-Denis",,,,relation
"Rue du Faubourg du Temple",,,,relation
"Rue du Fauconnier",,,,relation
"Rue du Fer à Moulin",,,,relation
"Rue du Fouarre",,,,relation
"Rue du Four",,,,relation+way
"Rue du Grenier Saint-Lazare",,,,relation
"Rue du Grenier sur l'Eau",,,,relation
"Rue du Gril",,,,relation
"Rue du Guignier",,,,relation
"Rue du Hameau",,,,relation
"Rue du Haut Pavé",,,,relation
"Rue du Helder",,,,relation
"Rue du Jardinet",,,,relation
"Rue du Jour",,,,relation
"Rue du Marché Ordener",,,,way
"Rue du Marché Popincourt",,,,relation
"Rue du Marché Saint-Honoré",,,,relation
"Rue du Marquis d'Arlandes",,,,relation
"Rue du Moulin",,,,relation
"Rue du Moulin Vert",,,,relation
"Rue du Moulin de la Pointe",,,,relation
"Rue du Moulin des Prés",,,,relation
"Rue du Moulin-Joly",,,,relation
"Rue du Noyer Durand",,,,relation
"Rue du Parc",,,,relation
"Rue du Pas de la Mule",,,,relation
"Rue du Pélican",,,,relation
"Rue du Petit Moine",,,,relation
"Rue du Petit Musc",,,,relation
"Rue du Plat d'Étain",,,,relation
"Rue du Plateau",,,,relation
"Rue du Pot de Fer",,,,relation
"Rue du Poteau",,,,relation
"Rue du Pré",,,,relation
"Rue du Pré aux Chevaux",,,,relation
"Rue du Prévôt",,,,relation
"Rue du Puits de l'Ermite",,,,relation
"Rue du Regard",,,,relation
"Rue du Renard",,,,relation+way
"Rue du Retrait",,,,relation
"Rue du Rocher",,,,relation
"Rue du Roi Doré",,,,relation
"Rue du Roule",,,,relation
"Rue du Sabot",,,,relation
"Rue du Sentier",,,,relation
"Rue du Talus du Cours",,,,relation
"Rue du Vélodrome",,,,relation
"Rue du Vertbois",,,,relation
"Rue résidentielle",,,,way
"Ruelle Fraisier",,,,relation
"Ruelle Planchette",,,,relation
"Ruelle Sourdis",,,,relation
"Ruelle au Père Fragile",,,,relation
"Ruelle de la Roche",,,,way
"Ruelle du Soleil d'Or",,,,relation
"Saint-Marcel Jeanne d'Arc",,,,way
"Sente à Bigot",,,,relation
"Sente des Dorées",,,,relation
"Sentier Briens",,,,relation
"Sentier Nature (petite ceinture)",,,,way
"Sentier Rouvray",,,,relation
"Sentier de la Pointe",,,,relation+way
"Sentier des Écuyers",,,,relation
"Sentier du Chemin de Fer",,,,way
"Sentier du Tunnel",,,,way
Sortie,,,,way
"Sortie 1 : Boulevard Brune",,,,way
"Sortie 2 : Raymond Losserand",,,,way
"Sortie Turbigo",,,,way
"Sortie Turbigo (Voie S1)",,,,way
"Sortie de Métro ""Porte de Clichy (1)""",,,,way
"Souterrain Berger Est",,,,way
"Souterrain Grande Boucle (Voie BCL)",,,,way
"Souterrain Sortie Hôtel de Ville (Voie S2)",,,,way
"Souterrain de la Petite Boucle (Voie Z)",,,,way
"Square Alice",,,,relation
"Square Bréguet-Sabin",,,,relation
"Square Caulaincourt",,,,relation
"Square Dunois",,,,relation
"Square Gaston Bertandeau",,,,relation
"Square Grangé",,,,relation
"Square Louise et Tony",,,,relation
"Square Marguerite",,,,way
"Square Mignot",,,,relation
"Square Monceau",,,,relation
"Square Pétrelle",,,,relation
"Square Roger-Coquoin",,,,relation
"Square Saint-Irénée",,,,relation
"Square Saint-Romain",,,,relation
"Square Trudaine",,,,relation
"Square Vermenouze",,,,relation
"Square Villaret de Joyeuse",,,,relation
"Square d'Urfé",,,,relation
"Square de Chaillot",,,,relation
"Square de Clignancourt",,,,relation
"Square de Luynes",,,,relation
"Square de Montsouris",,,,relation
"Square de Padirac",,,,relation
"Square de Port-Royal",,,,relation
"Square de Robiac",,,,relation
"Square de Rocamadour",,,,relation
"Square de Vaucluse",,,,relation
"Square de l'Esterel",,,,relation
"Square de l'Opéra Louis Jouvet",,,,relation
"Square de l'Union",,,,relation
"Square de la Mutualité",,,,relation
"Square de la Place-des-Martyrs-Juifs-du-Vélodrome-d'Hiver",,,,way
"Square de la Salamandre",,,,relation
"Square des Cardeurs",,,,relation
"Square des Écrivains Combattants Morts pour la France",,,,relation
"Square du Croisic",,,,relation
"Square du Diapason",,,,relation
"Square du Graisivaudan",,,,relation
"Square du Laonnais",,,,relation
"Square du Nouveau Belleville",,,,relation
"Square du Périgord",,,,relation
"Square du Quercy",,,,relation
"Square du Roule",,,,relation
"Square du Vivarais",,,,relation
"Terrasse de l'Orangerie",,,,relation+way
"Terrasse des Tuileries",,,,way
"Terrasse du Bord de l'Eau",,,,way
"Tunnel Chaumont Pantin",,,,way
"Tunnel Concorde",,,,way
"Tunnel Grand-Maillot",,,,way
"Tunnel Villette Pantin",,,,way
"Tunnel d'Italie",,,,way
"Tunnel d'Orléans",,,,way
"Tunnel de l'Étoile",,,,way
"Tunnel des Noisettes",,,,way
"Villa Adrienne Simon",,,,relation
"Villa Amalia",,,,relation
"Villa Amélie",,,,relation
"Villa André Moynet",,,,relation
"Villa Baumann",,,,relation
"Villa Boissière",,,,relation
"Villa Bolero",,,,relation
"Villa Bosquet",,,,relation
"Villa Brune",,,,relation
"Villa Cantate",,,,relation
"Villa Carnot",,,,relation
"Villa Castel",,,,relation
"Villa Championnet",,,,relation
"Villa Chanez",,,,relation
"Villa Croix Nivert",,,,relation
"Villa Damremont",,,,relation
"Villa Dancourt",,,,relation
"Villa Daviel",,,,relation
"Villa Désirée",,,,relation
"Villa Dufresne",,,,relation
"Villa Duret",,,,way
"Villa Duthy",,,,relation
"Villa Exelmans",,,,relation
"Villa Fleurie",,,,relation
"Villa Flore",,,,relation
"Villa Fondary",,,,relation
"Villa Gabriel",,,,relation
"Villa Gagliardini",,,,relation
"Villa Georgina",,,,relation
"Villa Hallé",,,,relation
"Villa Hardy",,,,relation
"Villa Henri Chevreau",,,,relation
"Villa Herran",,,,relation
"Villa Industrielle",,,,relation
"Villa Jacquemont",,,,relation
"Villa Jamot",,,,relation
"Villa Jocelyn",,,,relation
"Villa Juge",,,,relation
"Villa La Fresnaye",,,,relation
"Villa Lantiez",,,,relation
"Villa Léandre",,,,relation
"Villa Lecourbe",,,,relation
"Villa Léone",,,,relation
"Villa Letellier",,,,relation
"Villa Malakoff",,,,relation
"Villa Manin",,,,relation
"Villa Marguerite",,,,relation
"Villa Méridienne",,,,relation
"Villa Moderne",,,,relation
"Villa Monceau",,,,relation
"Villa Murat",,,,relation
"Villa Niel",,,,relation
"Villa Nouvelle",,,,relation
"Villa Ordener",,,,relation
"Villa Pelleport",,,,relation
"Villa Perreur",,,,relation
"Villa Raynouard",,,,way
"Villa Riberolle",,,,relation
"Villa Saint-Ange",,,,relation
"Villa Saint-Fargeau",,,,relation
"Villa Saint-Jacques",,,,relation
"Villa Saint-Michel",,,,relation
"Villa Sainte-Croix",,,,relation
"Villa Sainte-Marie",,,,relation
"Villa Sommeiller",,,,relation
"Villa Toccata",,,,relation
"Villa Violet",,,,relation
"Villa Virginie",,,,relation
"Villa d'Hauterive",,,,relation
"Villa de Beauséjour",,,,relation
"Villa de Bellevue",,,,relation
"Villa de Fontenay",,,,relation
"Villa de Guelma",,,,relation
"Villa de Longchamp",,,,relation
"Villa de Lourcine",,,,relation
"Villa de l'Ermitage",,,,relation
"Villa de la Faisanderie",,,,relation
"Villa de la Grande Armée",,,,relation
"Villa de la Porte Dorée",,,,relation
"Villa de la Saulaie",,,,relation
"Villa de la Terrasse",,,,relation
"Villa de la Tour",,,,relation
"Villa des Boërs",,,,relation
"Villa des Buttes-Chaumont",,,,relation
"Villa des Enfants Terribles",,,,relation
"Villa des Entrepreneurs",,,,relation
"Villa des Falaises",,,,relation
"Villa des Glizières",,,,relation
"Villa des Gobelins",,,,relation
"Villa des Guignières",,,,relation
"Villa des Hautes Traverses",,,,relation
"Villa des Hauts de Belleville",,,,relation
"Villa des Houseaux",,,,relation
"Villa des Lilas",,,,relation
"Villa des Lions",,,,relation
"Villa des Lyanes",,,,relation
"Villa des Nymphéas",,,,relation
"Villa des Plantes",,,,relation
"Villa des Trois Couronnes",,,,relation
"Villa du Bois d'Orme",,,,relation
"Villa du Clos de Malevart",,,,relation
"Villa du Lavoir",,,,relation
"Villa du Mont Tonnerre",,,,relation
"Villa du Moulin Dagobert",,,,relation
"Villa du Parc",,,,relation
"Villa du Vieux Chemin d'Ivry",,,,relation
"Village Saint-Honoré",,,,way
"Voie A/15",,,,relation
"Voie A/2",,,,relation
"Voie A/7",,,,relation
"Voie A/8",,,,relation
"Voie A/9",,,,relation
"Voie AA/19",,,,relation
"Voie AB/20",,,,relation
"Voie AC/16",,,,relation
"Voie AC/18",,,,relation
"Voie AC/19",,,,relation
"Voie AD/15",,,,relation+way
"Voie AD/16",,,,way
"Voie AD/18",,,,relation
"Voie AD/19",,,,relation
"Voie AF/14",,,,relation
"Voie AF/16",,,,relation
"Voie AG/18",,,,relation
"Voie AH/16",,,,relation
"Voie AH/20",,,,relation
"Voie AI/12",,,,relation
"Voie AJ/13",,,,relation
"Voie AK/16",,,,relation
"Voie AN/20",,,,relation
"Voie AO/12",,,,relation
"Voie AO/14",,,,relation
"Voie AO/19",,,,relation
"Voie AP/14",,,,relation
"Voie AP/19",,,,relation
"Voie AQ/16",,,,relation
"Voie AQ/17",,,,relation
"Voie AR/14",,,,relation
"Voie AR/16",,,,relation
"Voie AR/17",,,,relation
"Voie AS/14",,,,relation
"Voie AS/16",,,,relation
"Voie AS/17",,,,relation
"Voie AT/14",,,,relation
"Voie AT/16",,,,relation
"Voie AT/17",,,,relation
"Voie AT/19",,,,relation
"Voie AU/14",,,,relation
"Voie AU/16",,,,relation
"Voie AU/17",,,,relation
"Voie AU/18",,,,relation
"Voie AV/14",,,,relation
"Voie AV/16",,,,relation
"Voie AV/17",,,,relation
"Voie AW/14",,,,relation
"Voie AW/16",,,,relation
"Voie AW/17",,,,relation
"Voie AW/18",,,,relation
"Voie AX/14",,,,relation
"Voie AX/16",,,,relation
"Voie AX/17",,,,relation
"Voie AX/20",,,,relation
"Voie AY/14",,,,relation
"Voie AY/16",,,,relation
"Voie AY/17",,,,relation
"Voie AY/18",,,,relation
"Voie AZ/14",,,,relation
"Voie AZ/16",,,,relation
"Voie AZ/17",,,,relation
"Voie AZ/18",,,,relation
"Voie B/11",,,,relation
"Voie B/14",,,,relation
"Voie B/15",,,,relation
"Voie B/18",,,,relation
"Voie B/19",,,,relation
"Voie B/4",,,,relation
"Voie B/5",,,,relation
"Voie B/6",,,,relation
"Voie BA/14",,,,relation
"Voie BA/16",,,,relation
"Voie BA/17",,,,relation
"Voie BA/20",,,,relation
"Voie BB/14",,,,relation
"Voie BB/16",,,,relation
"Voie BB/17",,,,relation
"Voie BC/14",,,,relation
"Voie BC/16",,,,relation
"Voie BC/17",,,,relation
"Voie BC/18",,,,relation
"Voie BD/14",,,,relation
"Voie BD/16",,,,relation
"Voie BD/17",,,,relation
"Voie BD/18",,,,relation
"Voie BE/14",,,,relation
"Voie BE/16",,,,relation
"Voie BE/17",,,,relation
"Voie BE/18",,,,relation
"Voie BF/14",,,,relation
"Voie BF/16",,,,relation
"Voie BF/17",,,,relation
"Voie BF/18",,,,relation
"Voie BG/14",,,,relation
"Voie BG/16",,,,relation
"Voie BG/17",,,,relation
"Voie BG/18",,,,relation
"Voie BG/19",,,,relation
"Voie BH/16",,,,relation
"Voie BH/17",,,,relation
"Voie BH/18",,,,relation
"Voie BH/20",,,,relation
"Voie BI/16",,,,relation
"Voie BI/17",,,,relation
"Voie BI/18",,,,relation
"Voie BJ/16",,,,relation
"Voie BJ/17",,,,relation
"Voie BJ/18",,,,relation
"Voie BK/16",,,,relation
"Voie BK/18",,,,relation
"Voie BL/16",,,,relation
"Voie BL/18",,,,relation
"Voie BM/16",,,,relation
"Voie BM/18",,,,relation
"Voie BN/16",,,,relation
"Voie BN/18",,,,relation
"Voie BN/19",,,,relation
"Voie BN/20",,,,relation
"Voie BO/16",,,,relation
"Voie BO/17",,,,relation
"Voie BO/18",,,,relation
"Voie BP/16",,,,relation
"Voie BP/17",,,,relation
"Voie BP/18",,,,relation
"Voie BQ/16",,,,relation
"Voie BQ/18",,,,relation
"Voie BR/15",,,,relation
"Voie BR/16",,,,relation
"Voie BR/18",,,,relation
"Voie BS/16",,,,relation
"Voie BS/18",,,,relation
"Voie BT/16",,,,relation
"Voie BT/18",,,,relation
"Voie BT/19",,,,relation
"Voie BU/16",,,,relation
"Voie BU/18",,,,relation
"Voie BU/20",,,,relation
"Voie BV/15",,,,relation
"Voie BV/16",,,,relation
"Voie BV/18",,,,relation
"Voie BW/16",,,,relation
"Voie BX/16",,,,relation
"Voie BX/20",,,,relation
"Voie BY/16",,,,relation
"Voie BY/20",,,,relation
"Voie BZ/15",,,,relation
"Voie BZ/16",,,,relation
"Voie C/10",,,,relation
"Voie C/14",,,,relation
"Voie C/18",,,,relation
"Voie C/19",,,,relation
"Voie CA/15",,,,relation
"Voie CA/16",,,,relation
"Voie CA/20",,,,relation
"Voie CB/15",,,,relation
"Voie CB/16",,,,relation
"Voie CB/20",,,,relation
"Voie CC/12",,,,relation
"Voie CC/14",,,,relation
"Voie CC/15",,,,relation
"Voie CC/16",,,,relation
"Voie CD/12",,,,relation
"Voie CD/14",,,,relation
"Voie CD/15",,,,relation
"Voie CD/16",,,,relation
"Voie CD/18",,,,relation
"Voie CD/20",,,,relation
"Voie CE/12",,,,relation
"Voie CE/15",,,,relation
"Voie CE/16",,,,relation
"Voie CF/12",,,,relation
"Voie CF/15",,,,relation
"Voie CF/16",,,,relation
"Voie CG/12",,,,relation
"Voie CG/15",,,,relation
"Voie CG/16",,,,relation
"Voie CH/12",,,,relation
"Voie CH/15",,,,relation
"Voie CH/16",,,,relation
"Voie CI/12",,,,relation
"Voie CI/15",,,,relation
"Voie CI/16",,,,relation
"Voie CJ/12",,,,relation
"Voie CJ/15",,,,relation
"Voie CJ/16",,,,relation
"Voie CJ/20",,,,relation
"Voie CK/12",,,,relation
"Voie CK/16",,,,relation
"Voie CL/12",,,,relation
"Voie CM/12",,,,relation
"Voie CM/16",,,,relation
"Voie CN/12",,,,relation
"Voie CN/16",,,,relation
"Voie CO/12",,,,relation
"Voie CP/12",,,,relation
"Voie CQ/12",,,,relation
"Voie CQ/15",,,,relation
"Voie CR/12",,,,relation
"Voie CR/15",,,,relation
"Voie CR/19",,,,relation
"Voie CS/12",,,,relation
"Voie CS/19",,,,relation
"Voie CT/12",,,,relation
"Voie CT/15",,,,relation
"Voie CT/19",,,,relation
"Voie CU/12",,,,relation
"Voie CU/17",,,,relation
"Voie CU/19",,,,relation
"Voie CV/12",,,,relation
"Voie CV/15",,,,relation
"Voie CV/19",,,,relation
"Voie CW/12",,,,relation
"Voie CW/15",,,,relation
"Voie CW/19",,,,relation
"Voie CX/12",,,,relation
"Voie CX/19",,,,way
"Voie CY/12",,,,relation
"Voie CY/19",,,,relation
"Voie CZ/12",,,,relation
"Voie D/12",,,,relation
"Voie D/17",,,,relation
"Voie D/19",,,,relation
"Voie D/5",,,,relation
"Voie D/8",,,,relation
"Voie D/9",,,,relation
"Voie DA/12",,,,relation
"Voie DA/19",,,,relation
"Voie DB/12",,,,relation
"Voie DB/19",,,,relation
"Voie DC/12",,,,relation
"Voie DC/13",,,,relation
"Voie DC/19",,,,relation
"Voie DD/13",,,,relation
"Voie DD/19",,,,relation
"Voie DF/12",,,,relation
"Voie DF/13",,,,relation
"Voie DF/19",,,,relation
"Voie DG/13",,,,relation
"Voie DG/19",,,,relation
"Voie DH/13",,,,relation
"Voie DH/19",,,,relation
"Voie DI/13",,,,relation
"Voie DI/19",,,,relation
"Voie DJ/13",,,,relation
"Voie DJ/19",,,,relation
"Voie DK/13",,,,relation
"Voie DK/19",,,,relation
"Voie DK/20",,,,relation
"Voie DL/13",,,,relation
"Voie DM/13",,,,relation
"Voie DM/20",,,,relation
"Voie DN/13",,,,relation
"Voie DO/13",,,,relation
"Voie DP/13",,,,relation
"Voie DQ/13",,,,relation
"Voie DR/13",,,,relation
"Voie DS/13",,,,relation
"Voie DT/13",,,,relation
"Voie DV/13",,,,relation
"Voie E/17",,,,relation
"Voie E/18",,,,relation
"Voie E/6",,,,relation
"Voie E/7",,,,relation
"Voie E/8",,,,relation
"Voie E/9",,,,relation
"Voie EA/20",,,,relation
"Voie EC/20",,,,relation
"Voie ED/20",,,,relation
"Voie EE/20",,,,relation
"Voie EF/20",,,,relation
"Voie EG/20",,,,relation
"Voie EH/20",,,,relation
"Voie EJ/20",,,,relation
"Voie EK/20",,,,relation
"Voie EL/20",,,,relation
"Voie EM/20",,,,relation
"Voie EN/20",,,,relation
"Voie EO/20",,,,relation
"Voie EP/20",,,,relation
"Voie EQ/20",,,,relation
"Voie ER/20",,,,relation
"Voie ES/20",,,,relation
"Voie ET/20",,,,relation
"Voie EU/20",,,,relation
"Voie EV/20",,,,relation
"Voie EW/20",,,,relation
"Voie EX/20",,,,relation
"Voie EZ/20",,,,relation
"Voie F/14",,,,relation
"Voie F/16",,,,relation
"Voie F/7",,,,relation
"Voie F/9",,,,relation
"Voie FD/20",,,,relation
"Voie FI/13",,,,relation
"Voie FI/20",,,,relation
"Voie FJ/20",,,,relation
"Voie FK/20",,,,relation
"Voie FL/20",,,,way
"Voie FS/20",,,,relation
"Voie G/15",,,,relation
"Voie G/17",,,,relation
"Voie G/5",,,,relation
"Voie G/9",,,,relation
"Voie GC/13",,,,relation
"Voie GH/13",,,,relation
"Voie GI/13",,,,relation
"Voie GJ/13",,,,relation
"Voie GQ/13",,,,relation
"Voie GW/13",,,,relation
"Voie Georges Pompidou",,,,relation
"Voie H/12",,,,relation
"Voie H/17",,,,relation
"Voie H/19",,,,relation
"Voie H/5",,,,relation
"Voie H/8",,,,relation
"Voie I/20",,,,relation
"Voie J/20",,,,relation
"Voie K/17",,,,relation
"Voie L/10",,,,relation
"Voie L/16",,,,relation
"Voie M/16",,,,relation
"Voie M/18",,,,relation
"Voie M/19",,,,relation
"Voie N/13",,,,relation
"Voie N/18",,,,relation
"Voie N/19",,,,relation
"Voie P/16",,,,relation
"Voie P/19",,,,relation
"Voie Q/17",,,,relation
"Voie R/11",,,,relation
"Voie R/18",,,,relation
"Voie R/19",,,,relation
"Voie S/15",,,,relation
"Voie S/17",,,,relation
"Voie S/19",,,,relation
"Voie T/16",,,,relation
"Voie T/20",,,,relation
"Voie U/19",,,,relation
"Voie V/12",,,,relation
"Voie V/16",,,,relation
"Voie W/16",,,,relation
"Voie X/16",,,,relation
"Voie Y/18",,,,relation
"Voie Y/19",,,,relation
"Voie Z/16",,,,relation
"Voie d'accès vélostation Gare du Nord",,,,way
"Voie de/13",,,,relation
"Voie de/19",,,,relation
"Voie du/13",,,,relation
"avenue Michel Bizot",,,,way
"rampe PMR",,,,way
"rue de rennes",,,,way
"villa Curial",,,,relation
